Start Time,End Time,File Name
"11:08 PM","11:38 PM","2681-1723349283.mp3"
"10:38 PM","11:08 PM","2681-1723347493.mp3"
"10:08 PM","10:38 PM","2681-1723345702.mp3"
"09:38 PM","10:08 PM","2681-1723343912.mp3"
"09:08 PM","09:38 PM","2681-1723342122.mp3"
"08:38 PM","09:08 PM","2681-1723340332.mp3"
"07:39 PM","08:09 PM","2681-1723336752.mp3"
"07:09 PM","07:39 PM","2681-1723334962.mp3"
"06:39 PM","07:09 PM","2681-1723333172.mp3"
"06:09 PM","06:39 PM","2681-1723331382.mp3"
"05:39 PM","06:09 PM","2681-1723329592.mp3"
"05:10 PM","05:40 PM","2681-1723327802.mp3"
"04:40 PM","05:10 PM","2681-1723326012.mp3"
"04:10 PM","04:40 PM","2681-1723324222.mp3"
"03:40 PM","04:10 PM","2681-1723322432.mp3"
"03:10 PM","03:40 PM","2681-1723320642.mp3"
"02:11 PM","02:41 PM","2681-1723317062.mp3"
"01:41 PM","02:11 PM","2681-1723315272.mp3"
"01:11 PM","01:41 PM","2681-1723313482.mp3"
"12:41 PM","01:11 PM","2681-1723311692.mp3"
"12:11 PM","12:41 PM","2681-1723309902.mp3"
"11:41 AM","12:11 PM","2681-1723308112.mp3"
"11:12 AM","11:42 AM","2681-1723306322.mp3"
"10:42 AM","11:12 AM","2681-1723304532.mp3"
"10:12 AM","10:42 AM","2681-1723302742.mp3"
"09:42 AM","10:12 AM","2681-1723300952.mp3"
"09:12 AM","09:42 AM","2681-1723299162.mp3"
"08:42 AM","09:12 AM","2681-1723297372.mp3"
"08:13 AM","08:43 AM","2681-1723295582.mp3"
"07:43 AM","08:13 AM","2681-1723293792.mp3"
"07:13 AM","07:43 AM","2681-1723292002.mp3"
"06:43 AM","07:13 AM","2681-1723290212.mp3"
"06:13 AM","06:43 AM","2681-1723288422.mp3"
"05:43 AM","06:13 AM","2681-1723286632.mp3"
"05:14 AM","05:44 AM","2681-1723284842.mp3"
"04:44 AM","05:14 AM","2681-1723283052.mp3"
"04:14 AM","04:44 AM","2681-1723281262.mp3"
"03:44 AM","04:14 AM","2681-1723279472.mp3"
"03:14 AM","03:44 AM","2681-1723277682.mp3"
"02:44 AM","03:14 AM","2681-1723275892.mp3"
"02:15 AM","02:45 AM","2681-1723274102.mp3"
"01:45 AM","02:15 AM","2681-1723272312.mp3"
"01:15 AM","01:45 AM","2681-1723270522.mp3"
"12:45 AM","01:15 AM","2681-1723268732.mp3"
"12:15 AM","12:45 AM","2681-1723266942.mp3"
